{"3D":{"count":56,"definitionMissing":true,"posts":["/post/india/","/post/beauvais/","/post/edinburgh/","/post/sphinx2/","/post/sphinx1/","/post/mont-blanc/","/post/brighton/","/post/kameido/","/post/jaffa/","/post/osaka/","/post/pilatus/","/post/calcutta/","/post/niagara1/","/post/colorado/","/post/bayeux/","/post/cologne/","/post/koenigssee/","/post/louvre/","/post/milan/","/post/hamburg/","/post/neues-museum/","/post/potsdam/","/post/damascus/","/post/weihnachts-maerchenbuch/1/","/post/weihnachts-maerchenbuch/10/","/post/meyers-jugendlexikon/106/","/post/meyers-jugendlexikon/132/","/post/meyers-jugendlexikon/134/","/post/meyers-jugendlexikon/143/","/post/meyers-jugendlexikon/229/","/post/meyers-jugendlexikon/023/","/post/meyers-jugendlexikon/250/","/post/weihnachts-maerchenbuch/3/","/post/meyers-jugendlexikon/335/","/post/meyers-jugendlexikon/345/","/post/meyers-jugendlexikon/346/","/post/meyers-jugendlexikon/373/","/post/meyers-jugendlexikon/374/","/post/meyers-jugendlexikon/376/","/post/meyers-jugendlexikon/387/","/post/meyers-jugendlexikon/422/","/post/meyers-jugendlexikon/472/","/post/meyers-jugendlexikon/523/","/post/meyers-jugendlexikon/566/","/post/meyers-jugendlexikon/578/","/post/weihnachts-maerchenbuch/6/","/post/meyers-jugendlexikon/607/","/post/meyers-jugendlexikon/683/","/post/meyers-jugendlexikon/073/","/post/weihnachts-maerchenbuch/9/","/post/stalheim/","/post/baden-baden/","/post/trouville/","/post/niagara2/","/post/interlaken/","/post/florida/"],"sameAs":"","termTitle":"3D","translations":{},"url":"/tags/3D"},"Baden Baden":{"count":1,"definitionMissing":true,"posts":["/post/baden-baden/"],"sameAs":"","termTitle":"Baden Baden","translations":{},"url":"/tags/Baden-Baden"},"Bayeux":{"count":1,"definitionMissing":true,"posts":["/post/bayeux/"],"sameAs":"","termTitle":"Bayeux","translations":{},"url":"/tags/Bayeux"},"Beauvais":{"count":1,"definitionMissing":true,"posts":["/post/beauvais/"],"sameAs":"","termTitle":"Beauvais","translations":{},"url":"/tags/Beauvais"},"Berlin":{"count":1,"definitionMissing":true,"posts":["/post/neues-museum/"],"sameAs":"","termTitle":"Berlin","translations":{},"url":"/tags/Berlin"},"Book":{"count":2,"definitionMissing":true,"posts":["/post/weihnachts-maerchenbuch/","/post/meyers-jugendlexikon/"],"sameAs":"","termTitle":"Book","translations":{},"url":"/tags/Book"},"Brighton":{"count":1,"definitionMissing":true,"posts":["/post/brighton/"],"sameAs":"","termTitle":"Brighton","translations":{},"url":"/tags/Brighton"},"Colorado":{"count":1,"definitionMissing":true,"posts":["/post/colorado/"],"sameAs":"","termTitle":"Colorado","translations":{},"url":"/tags/Colorado"},"Edinburgh":{"count":1,"definitionMissing":true,"posts":["/post/edinburgh/"],"sameAs":"","termTitle":"Edinburgh","translations":{},"url":"/tags/Edinburgh"},"Florida":{"count":1,"definitionMissing":true,"posts":["/post/florida/"],"sameAs":"","termTitle":"Florida","translations":{},"url":"/tags/Florida"},"Germany":{"count":15,"definitionMissing":true,"posts":["/post/neues-museum/","/post/potsdam/","/post/meyers-jugendlexikon/106/","/post/meyers-jugendlexikon/132/","/post/meyers-jugendlexikon/143/","/post/meyers-jugendlexikon/229/","/post/meyers-jugendlexikon/250/","/post/meyers-jugendlexikon/335/","/post/meyers-jugendlexikon/422/","/post/meyers-jugendlexikon/472/","/post/meyers-jugendlexikon/566/","/post/meyers-jugendlexikon/607/","/post/meyers-jugendlexikon/683/","/post/meyers-jugendlexikon/073/","/post/baden-baden/"],"sameAs":"","termTitle":"Germany","translations":{},"url":"/tags/germany"},"Großenhain":{"count":1,"definitionMissing":true,"posts":["/post/meyers-jugendlexikon/683/"],"sameAs":"","tagPath":"/tags/Großenhain","termTitle":"Großenhain","translations":{},"url":"/tags/Gro%C3%9Fenhain"},"Hamburg":{"count":1,"definitionMissing":true,"posts":["/post/hamburg/"],"sameAs":"","termTitle":"Hamburg","translations":{},"url":"/tags/Hamburg"},"Jaffa":{"count":1,"definitionMissing":true,"posts":["/post/jaffa/"],"sameAs":"","termTitle":"Jaffa","translations":{},"url":"/tags/Jaffa"},"Jena":{"count":1,"definitionMissing":true,"posts":["/post/meyers-jugendlexikon/472/"],"sameAs":"","termTitle":"Jena","translations":{},"url":"/tags/Jena"},"Kameido":{"count":1,"definitionMissing":true,"posts":["/post/kameido/"],"sameAs":"","termTitle":"Kameido","translations":{},"url":"/tags/Kameido"},"Königssee":{"count":1,"definitionMissing":true,"posts":["/post/koenigssee/"],"sameAs":"","tagPath":"/tags/Königssee","termTitle":"Königssee","translations":{},"url":"/tags/K%C3%B6nigssee"},"Leinefelde":{"count":1,"definitionMissing":true,"posts":["/post/meyers-jugendlexikon/607/"],"sameAs":"","termTitle":"Leinefelde","translations":{},"url":"/tags/Leinefelde"},"Leipzig":{"count":1,"definitionMissing":true,"posts":["/post/meyers-jugendlexikon/143/"],"sameAs":"","termTitle":"Leipzig","translations":{},"url":"/tags/Leipzig"},"Louvre":{"count":1,"definitionMissing":true,"posts":["/post/louvre/"],"sameAs":"","termTitle":"Louvre","translations":{},"url":"/tags/Louvre"},"Mont Blanc":{"count":1,"definitionMissing":true,"posts":["/post/mont-blanc/"],"sameAs":"","termTitle":"Mont Blanc","translations":{},"url":"/tags/Mont-Blanc"},"Museum":{"count":2,"definitionMissing":true,"posts":["/post/louvre/","/post/neues-museum/"],"sameAs":"","termTitle":"Museum","translations":{},"url":"/tags/Museum"},"Osaka":{"count":1,"definitionMissing":true,"posts":["/post/osaka/"],"sameAs":"","termTitle":"Osaka","translations":{},"url":"/tags/Osaka"},"Paris":{"count":1,"definitionMissing":true,"posts":["/post/louvre/"],"sameAs":"","termTitle":"Paris","translations":{},"url":"/tags/Paris"},"Pilatus":{"count":1,"definitionMissing":true,"posts":["/post/pilatus/"],"sameAs":"","termTitle":"Pilatus","translations":{},"url":"/tags/Pilatus"},"Potsdam":{"count":1,"definitionMissing":true,"posts":["/post/potsdam/"],"sameAs":"","termTitle":"Potsdam","translations":{},"url":"/tags/Potsdam"},"Rodewisch":{"count":1,"definitionMissing":true,"posts":["/post/meyers-jugendlexikon/229/"],"sameAs":"","termTitle":"Rodewisch","translations":{},"url":"/tags/Rodewisch"},"Sphinx":{"count":2,"definitionMissing":true,"posts":["/post/sphinx2/","/post/sphinx1/"],"sameAs":"","termTitle":"Sphinx","translations":{},"url":"/tags/Sphinx"},"Stalheim":{"count":1,"definitionMissing":true,"posts":["/post/stalheim/"],"sameAs":"","termTitle":"Stalheim","translations":{},"url":"/tags/Stalheim"},"Tel Aviv":{"count":1,"definitionMissing":true,"posts":["/post/jaffa/"],"sameAs":"","termTitle":"Tel Aviv","translations":{},"url":"/tags/Tel-Aviv"},"Theuma":{"count":1,"definitionMissing":true,"posts":["/post/meyers-jugendlexikon/566/"],"sameAs":"","termTitle":"Theuma","translations":{},"url":"/tags/Theuma"},"Trouville-sur-Mer":{"count":1,"definitionMissing":true,"posts":["/post/trouville/"],"sameAs":"","termTitle":"Trouville-Sur-Mer","translations":{},"url":"/tags/Trouville-sur-Mer"},"Vockerode":{"count":1,"definitionMissing":true,"posts":["/post/meyers-jugendlexikon/132/"],"sameAs":"","termTitle":"Vockerode","translations":{},"url":"/tags/Vockerode"},"Zschopau":{"count":1,"definitionMissing":true,"posts":["/post/meyers-jugendlexikon/073/"],"sameAs":"","termTitle":"Zschopau","translations":{},"url":"/tags/Zschopau"},"anaglyph":{"count":27,"definitionMissing":true,"posts":["/post/weihnachts-maerchenbuch/1/","/post/weihnachts-maerchenbuch/10/","/post/meyers-jugendlexikon/106/","/post/meyers-jugendlexikon/132/","/post/meyers-jugendlexikon/134/","/post/meyers-jugendlexikon/143/","/post/meyers-jugendlexikon/229/","/post/meyers-jugendlexikon/023/","/post/meyers-jugendlexikon/250/","/post/weihnachts-maerchenbuch/3/","/post/meyers-jugendlexikon/335/","/post/meyers-jugendlexikon/345/","/post/meyers-jugendlexikon/346/","/post/meyers-jugendlexikon/373/","/post/meyers-jugendlexikon/374/","/post/meyers-jugendlexikon/376/","/post/meyers-jugendlexikon/387/","/post/meyers-jugendlexikon/422/","/post/meyers-jugendlexikon/472/","/post/meyers-jugendlexikon/523/","/post/meyers-jugendlexikon/566/","/post/meyers-jugendlexikon/578/","/post/weihnachts-maerchenbuch/6/","/post/meyers-jugendlexikon/607/","/post/meyers-jugendlexikon/683/","/post/meyers-jugendlexikon/073/","/post/weihnachts-maerchenbuch/9/"],"sameAs":"","termTitle":"Anaglyph","translations":{},"url":"/tags/anaglyph"},"calcutta":{"count":1,"definitionMissing":true,"posts":["/post/calcutta/"],"sameAs":"","termTitle":"Calcutta","translations":{},"url":"/tags/calcutta"},"cologne":{"count":1,"definitionMissing":true,"posts":["/post/cologne/"],"sameAs":"","termTitle":"Cologne","translations":{},"url":"/tags/cologne"},"damascus":{"count":1,"definitionMissing":true,"posts":["/post/damascus/"],"sameAs":"","termTitle":"Damascus","translations":{},"url":"/tags/damascus"},"drawing":{"count":10,"definitionMissing":true,"posts":["/post/meyers-jugendlexikon/134/","/post/meyers-jugendlexikon/023/","/post/meyers-jugendlexikon/345/","/post/meyers-jugendlexikon/346/","/post/meyers-jugendlexikon/373/","/post/meyers-jugendlexikon/374/","/post/meyers-jugendlexikon/376/","/post/meyers-jugendlexikon/387/","/post/meyers-jugendlexikon/523/","/post/meyers-jugendlexikon/578/"],"sameAs":"","termTitle":"Drawing","translations":{},"url":"/tags/drawing"},"egypt":{"count":2,"definitionMissing":true,"posts":["/post/sphinx2/","/post/sphinx1/"],"sameAs":"","termTitle":"Egypt","translations":{},"url":"/tags/egypt"},"france":{"count":5,"definitionMissing":true,"posts":["/post/beauvais/","/post/mont-blanc/","/post/bayeux/","/post/louvre/","/post/trouville/"],"sameAs":"","termTitle":"France","translations":{},"url":"/tags/france"},"germany":{"count":15,"definitionMissing":true,"posts":["/post/neues-museum/","/post/potsdam/","/post/meyers-jugendlexikon/106/","/post/meyers-jugendlexikon/132/","/post/meyers-jugendlexikon/143/","/post/meyers-jugendlexikon/229/","/post/meyers-jugendlexikon/250/","/post/meyers-jugendlexikon/335/","/post/meyers-jugendlexikon/422/","/post/meyers-jugendlexikon/472/","/post/meyers-jugendlexikon/566/","/post/meyers-jugendlexikon/607/","/post/meyers-jugendlexikon/683/","/post/meyers-jugendlexikon/073/","/post/baden-baden/"],"sameAs":"","termTitle":"Germany","translations":{},"url":"/tags/germany"},"giza":{"count":2,"definitionMissing":true,"posts":["/post/sphinx2/","/post/sphinx1/"],"sameAs":"","termTitle":"Giza","translations":{},"url":"/tags/giza"},"india":{"count":2,"definitionMissing":true,"posts":["/post/india/","/post/calcutta/"],"sameAs":"","termTitle":"India","translations":{},"url":"/tags/india"},"israel":{"count":1,"definitionMissing":true,"posts":["/post/jaffa/"],"sameAs":"","termTitle":"Israel","translations":{},"url":"/tags/israel"},"italy":{"count":1,"definitionMissing":true,"posts":["/post/milan/"],"sameAs":"","termTitle":"Italy","translations":{},"url":"/tags/italy"},"japan":{"count":2,"definitionMissing":true,"posts":["/post/kameido/","/post/osaka/"],"sameAs":"","termTitle":"Japan","translations":{},"url":"/tags/japan"},"milan":{"count":1,"definitionMissing":true,"posts":["/post/milan/"],"sameAs":"","termTitle":"Milan","translations":{},"url":"/tags/milan"},"nigara_falls":{"count":2,"definitionMissing":true,"posts":["/post/niagara1/","/post/niagara2/"],"sameAs":"","termTitle":"Nigara_falls","translations":{},"url":"/tags/nigara_falls"},"norway":{"count":1,"definitionMissing":true,"posts":["/post/stalheim/"],"sameAs":"","termTitle":"Norway","translations":{},"url":"/tags/norway"},"palestine":{"count":1,"definitionMissing":true,"posts":["/post/jaffa/"],"sameAs":"","termTitle":"Palestine","translations":{},"url":"/tags/palestine"},"photo":{"count":46,"definitionMissing":true,"posts":["/post/india/","/post/beauvais/","/post/edinburgh/","/post/sphinx2/","/post/sphinx1/","/post/mont-blanc/","/post/brighton/","/post/kameido/","/post/jaffa/","/post/osaka/","/post/pilatus/","/post/calcutta/","/post/niagara1/","/post/colorado/","/post/bayeux/","/post/cologne/","/post/koenigssee/","/post/louvre/","/post/milan/","/post/hamburg/","/post/neues-museum/","/post/potsdam/","/post/damascus/","/post/weihnachts-maerchenbuch/1/","/post/weihnachts-maerchenbuch/10/","/post/meyers-jugendlexikon/106/","/post/meyers-jugendlexikon/132/","/post/meyers-jugendlexikon/143/","/post/meyers-jugendlexikon/229/","/post/meyers-jugendlexikon/250/","/post/weihnachts-maerchenbuch/3/","/post/meyers-jugendlexikon/335/","/post/meyers-jugendlexikon/422/","/post/meyers-jugendlexikon/472/","/post/meyers-jugendlexikon/566/","/post/weihnachts-maerchenbuch/6/","/post/meyers-jugendlexikon/607/","/post/meyers-jugendlexikon/683/","/post/meyers-jugendlexikon/073/","/post/weihnachts-maerchenbuch/9/","/post/stalheim/","/post/baden-baden/","/post/trouville/","/post/niagara2/","/post/interlaken/","/post/florida/"],"sameAs":"","termTitle":"Photo","translations":{},"url":"/tags/photo"},"stereoscopicimage":{"count":29,"definitionMissing":true,"posts":["/post/india/","/post/beauvais/","/post/edinburgh/","/post/sphinx2/","/post/sphinx1/","/post/mont-blanc/","/post/brighton/","/post/kameido/","/post/jaffa/","/post/osaka/","/post/pilatus/","/post/calcutta/","/post/niagara1/","/post/colorado/","/post/bayeux/","/post/cologne/","/post/koenigssee/","/post/louvre/","/post/milan/","/post/hamburg/","/post/neues-museum/","/post/potsdam/","/post/damascus/","/post/stalheim/","/post/baden-baden/","/post/trouville/","/post/niagara2/","/post/interlaken/","/post/florida/"],"sameAs":"","termTitle":"Stereoscopicimage","translations":{},"url":"/tags/stereoscopicimage"},"switzerland":{"count":2,"definitionMissing":true,"posts":["/post/pilatus/","/post/interlaken/"],"sameAs":"","termTitle":"Switzerland","translations":{},"url":"/tags/switzerland"},"syria":{"count":1,"definitionMissing":true,"posts":["/post/damascus/"],"sameAs":"","termTitle":"Syria","translations":{},"url":"/tags/syria"},"uk":{"count":2,"definitionMissing":true,"posts":["/post/edinburgh/","/post/brighton/"],"sameAs":"","termTitle":"Uk","translations":{},"url":"/tags/uk"},"usa":{"count":4,"definitionMissing":true,"posts":["/post/niagara1/","/post/colorado/","/post/niagara2/","/post/florida/"],"sameAs":"","termTitle":"Usa","translations":{},"url":"/tags/usa"}}